,NGenes,Direction,PValue,FDR
Set2_500to599,100,Up,0.04551196563439581,0.36409572507516647
Set8_random150,150,Down,0.3559182777690315,0.889356862291262
Set1_first100,100,Up,0.4238023704566226,0.889356862291262
Set6_small10,10,Up,0.444678431145631,0.889356862291262
Set5_random500,500,Down,0.7447124383304886,0.950140719808346
Set4_random50,50,Down,0.9129590777729151,0.950140719808346
Set7_large2000,2000,Down,0.9296105512364949,0.950140719808346
Set3_random200,200,Up,0.950140719808346,0.950140719808346
